"","V1"
"collision_near_st_john’s_wood.txt",1
"derailment_at_archway.txt",3
"derailment_near_deptford_bridge_station.txt",3
"derailment_near_mile_end_station.txt",3
"derailment_near_west_india_quay_station.txt",3
"derailment_of_engineering_train_piccadilly_line.txt",3
"doors_open_on_train_at_warren_street.txt",4
"incident_at_tooting_broadway_station.txt",4
"near-miss_at_hanger_lane_junction.txt",2
"parting_of_live_overhead_wire_at_walkergate.txt",5
"passenger_dragged_by_a_train_at_holborn_station.txt",4
"passenger_incident_at_jarrow_station.txt",4
"runaway_at_highgate.txt",1
"runaway_trolley_at_notting_hill_gate.txt",1
"serious_accident_at_clapham_south_tube_station.txt",4
"train_fire_at_south_gosforth.txt",5
"tube_train_driven_in_the_wrong_direction_camden_town.txt",2
"unauthorised_train_movement_at_high_street_kensington.txt",2
"uncontrolled_evacuation_train_holland_park_station.txt",4
